Kia K5 II Седан,$ 13 800,,"2018 г., 2 л., автомат"
Lexus NX,$ 29 700,,"2018 г., 2 л., автомат"
Mercedes-Benz M-Класс,$ 30 999,,"2012 г., 4.7 л., автомат"
Mercedes-Benz GLE,$ 30 000,,"2016 г., 3.5 л., автомат"
Honda CR-V,$ 27 999,,"2022 г., 1.5 л., вариатор"
BMW X6,$ 31 900,,"2017 г., 3 л., автомат"
Toyota Camry,$ 20 000,,"2018 г., 2.5 л., вариатор"
Toyota Land Cruiser,$ 43 000,,"2008 г., 4.7 л., автомат"
Porsche Cayenne,$ 75 000,,"2017 г., 3.6 л., автомат"
Kia Sorento,$ 36 800,,"2020 г., 1.6 л., автомат"
Lexus LS,$ 25 700,,"2012 г., 4.6 л., автомат"
Mercedes-Benz S-Класс,$ 35 200,,"2015 г., 4.7 л., автомат"
SsangYong Rexton,$ 16 500,,"2017 г., 2.2 л., автомат"
Mercedes-Benz G-Класс AMG,$ 65 000,,"2014 г., 5.5 л., автомат"
Honda Accord,$ 9 590,,"2009 г., 2.4 л., автомат"
Toyota Tacoma,$ 36 500,,"2020 г., 3.5 л., автомат"
LiXiang L7,$ 46 000,,"2023 г., 1.5 л., автомат"
Lexus RX,$ 38 500,,"2018 г., 3.5 л., вариатор"
Kia Seltos,$ 16 800,,"2024 г., 1.5 л., вариатор"
BMW 5 серии,$ 34 000,,"2018 г., 3 л., автомат"
Toyota Camry,$ 23 500,,"2015 г., 3.5 л., автомат"
BMW X7,$ 115 000,,"2023 г., 3 л., автомат"
Mercedes-Benz GLC Coupe,$ 33 800,,"2017 г., 2.1 л., автомат"
BMW X5,$ 67 000,,"2020 г., 3 л., автомат"
Lexus LX,$ 85 000,,"2018 г., 5.7 л., автомат"
Lexus GX,$ 55 800,,"2020 г., 4.6 л., автомат"
Jeep Wrangler,$ 40 000,,"2019 г., 2 л., автомат"
Zeekr 001,$ 125 000,,"2024 г., автомат"
Land Rover Range Rover,$ 65 000,,"2018 г., 3 л., автомат"
Kia Telluride,$ 35 000,,"2020 г., 3.8 л., автомат"
Hyundai Sonata,$ 9 999,,"2016 г., 1.7 л., робот"
Lexus LX,$ 100 000,,"2020 г., 5.7 л., автомат"
Toyota Camry,$ 24 700,,"2018 г., 3.5 л., автомат"
Toyota Camry,$ 38 800,,"2024 г., 2 л., вариатор"
BMW 3 серии,$ 24 700,,"2017 г., 3 л., автомат"
Mercedes-Benz E-Класс AMG,$ 23 000,,"2008 г., 6.2 л., автомат"
Mercedes-Benz GL-Класс,$ 26 000,,"2012 г., 4.7 л., автомат"
Hyundai Elantra,$ 12 700,,"2017 г., 2 л., автомат"
Dodge Charger,$ 25 600,,"2019 г., 3.6 л., автомат"
Toyota Ist,$ 6 100,,"2002 г., 1.3 л., автомат"
Xiaomi SU7,$ 46 338,,"2024 г., автомат"
Kia Morning,$ 10 900,,"2021 г., 1 л., автомат"
Lexus GX,$ 72 000,,"2021 г., 4.6 л., автомат"
Kia Seltos,$ 16 800,,"2024 г., 1.5 л., вариатор"
Toyota RAV4,$ 28 200,,"2019 г., 2.5 л., автомат"
BMW X7,$ 75 000,,"2019 г., 4.4 л., автомат"
Hongqi HS5,$ 23 500,,"2020 г., 2 л., автомат"
BMW 5 серии,$ 35 000,,"2018 г., 3 л., автомат"
Hyundai Sonata,$ 13 800,,"2019 г., 2 л., автомат"
Toyota Camry,$ 20 500,,"2021 г., 2.5 л., вариатор"
Toyota 4Runner,$ 22 500,,"2008 г., 4 л., автомат"
Subaru Legacy,$ 21 000,,"2021 г., 2.5 л., вариатор"
Honda CR-V,$ 22 500,,"2022 г., 2 л., вариатор"
BMW X5,$ 31 000,,"2016 г., 3 л., автомат"
Toyota RAV4,$ 25 100,,"2019 г., 2.5 л., автомат"
Toyota Crown Majesta,$ 11 500,,"2005 г., 4.3 л., автомат"
BMW X5,$ 83 000,,"2022 г., 3 л., автомат"
Toyota Camry,$ 36 500,,"2024 г., 2 л., вариатор"
Hyundai Santa Fe,$ 15 300,,"2019 г., 2.4 л., автомат"
Hyundai Sonata,$ 19 000,,"2021 г., 1.6 л., автомат"
Renault Samsung QM6,$ 24 000,,"2023 г., 2 л., вариатор"
Toyota Highlander,$ 20 500,,"2011 г., 3.5 л., автомат"
Toyota RAV4,$ 25 500,,"2023 г., 2.5 л., автомат"
Hyundai Palisade,$ 25 900,,"2021 г., 2.2 л., автомат"
BMW X5,$ 35 000,,"2017 г., 3 л., автомат"
Toyota Allex,$ 6 800,,"2003 г., 1.5 л., автомат"
BMW X5,$ 34 500,,"2017 г., 3 л., автомат"
Hyundai Sonata,$ 16 700,,"2020 г., 2 л., автомат"
Subaru Outback,$ 14 500,,"2013 г., 2.5 л., вариатор"
Toyota Highlander,$ 37 000,,"2021 г., 2.5 л., автомат"
Toyota Camry,$ 29 500,,"2021 г., 2.5 л., вариатор"
Subaru Outback,$ 27 000,,"2020 г., 2.4 л., вариатор"
Toyota Highlander,$ 16 800,,"2009 г., 3.5 л., автомат"
Land Rover Range Rover Sport,$ 18 500,,"2012 г., 5 л., автомат"
Honda CR-V,$ 23 800,,"2018 г., 1.5 л., вариатор"
Toyota Corolla,$ 16 500,,"2020 г., 2 л., вариатор"
ВАЗ (Lada) 2121 (4x4) Нива,$ 10 900,,"2021 г., 1.7 л., механика"
Toyota Land Cruiser,$ 50 000,,"2015 г., 4.5 л., автомат"
Mercedes-Benz E-Класс,$ 10 700,,"2008 г., 3 л., автомат"
Lexus GX,$ 26 800,,"2008 г., 4.7 л., автомат"
Toyota Camry,$ 9 300,,"2006 г., 3.5 л., автомат"
Lexus ES,$ 31 700,,"2019 г., 3.5 л., автомат"
Renault Talisman,$ 11 000,,"2017 г., 1.6 л., робот"
BMW 5 серии,$ 34 000,,"2017 г., 3 л., автомат"
Lexus LX,$ 24 800,,"2006 г., 4.7 л., автомат"
BMW X5,$ 68 500,,"2019 г., 3 л., автомат"
Hyundai Sonata,$ 12 500,,"2017 г., 2 л., автомат"
Subaru Crosstrek,$ 15 300,,"2018 г., 2 л., вариатор"
Mazda Demio,$ 4 650,,"2003 г., 1.3 л., автомат"
Kia Sorento,$ 23 500,,"2019 г., 2.2 л., автомат"
Toyota Camry,$ 16 900,,"2017 г., 2.5 л., автомат"
Daihatsu Cuore,$ 4 000,,"2011 г., 1 л., механика"
Mercedes-Benz GLA,$ 26 000,,"2017 г., 2 л., робот"
Haval Chitu,$ 19 000,,"2023 г., 1.5 л., робот"
BMW X5,$ 48 000,,"2016 г., 3 л., автомат"
Toyota Corolla,$ 11 300,,"2014 г., 1.8 л., вариатор"
BMW X5,$ 43 000,,"2018 г., 3 л., автомат"
BMW 5 серии,$ 33 000,,"2018 г., 3 л., автомат"
Lexus RX,$ 19 500,,"2013 г., 2.7 л., автомат"
BMW 5 серии,$ 11 000,,"2008 г., 3 л., автомат"
Kia K7,$ 18 199,,"2021 г., 2.5 л., автомат"
Toyota Land Cruiser,$ 28 000,,"2008 г., 4.5 л., автомат"
Mercedes-Benz C-Класс AMG,$ 34 000,,"2017 г., 3 л., автомат"
Toyota Camry (Japan),$ 25 000,,"2018 г., 2.5 л., вариатор"
BMW X7,$ 88 000,,"2020 г., 3 л., автомат"
Toyota Land Cruiser Prado,$ 29 900,,"2012 г., 4 л., автомат"
Hyundai Sonata,$ 11 800,,"2014 г., 2 л., автомат"
Lexus ES,$ 19 500,,"2013 г., 2.5 л., вариатор"
Lexus RX,$ 12 300,,"2004 г., 3 л., автомат"
Mercedes-Benz S-Класс,$ 16 000,,"1989 г., 3 л., механика"
BMW X5,$ 67 000,,"2020 г., 3 л., автомат"
Mercedes-Benz G-Класс,$ 25 900,,"2003 г., 5 л., автомат"
Mercedes-Benz E-Класс,$ 25 000,,"2013 г., 3.5 л., автомат"
Subaru Outback,$ 24 500,,"2020 г., 2.4 л., вариатор"
Tesla Model S,$ 28 000,,"2016 г., автомат"
Toyota Camry,$ 23 000,,"2018 г., 2.5 л., вариатор"
Subaru Outback,$ 11 300,,"2008 г., 3 л., автомат"
Kia K5 II Седан,$ 11 400,,"2017 г., 2 л., автомат"
Subaru Forester,$ 14 700,,"2017 г., 2.5 л., вариатор"
Hyundai Sonata,$ 13 500,,"2018 г., 2 л., автомат"
Hyundai Palisade,$ 25 000,,"2019 г., 2.2 л., автомат"
Kia Sportage,$ 30 900,,"2021 г., 1.6 л., робот"
Kia K5 III Седан,$ 24 800,,"2020 г., 1.6 л., автомат"
Honda Stepwgn,$ 10 900,,"2010 г., 2 л., автомат"
Mercedes-Benz S-Класс,$ 9 500,,"2005 г., 3.7 л., автомат"
Hyundai Palisade,$ 24 000,,"2020 г., 2.2 л., автомат"
Lexus GX,$ 89 000,,"2023 г., 4.6 л., автомат"
Mercedes-Benz S-Класс,$ 18 800,,"2010 г., 5.5 л., автомат"
Toyota Camry,$ 16 800,,"2019 г., 2.5 л., автомат"
BMW 3 серии,$ 39 800,,"2018 г., 3 л., автомат"
Land Rover Range Rover,$ 128 000,,"2021 г., 3 л., автомат"
Lexus ES,$ 31 900,,"2019 г., 2.5 л., вариатор"
Zotye Z300,$ 8 500,,"2017 г., 1.6 л., автомат"
Honda Accord,$ 9 200,,"2009 г., 3.5 л., автомат"
BMW 5 серии,$ 25 500,,"2017 г., 2 л., автомат"
LiXiang L9,$ 57 500,,"2023 г., 1.5 л., автомат"
Toyota Camry,$ 31 000,,"2023 г., 2.5 л., автомат"
Lexus ES,$ 25 800,,"2017 г., 2.5 л., вариатор"
Toyota Avensis,$ 5 500,,"2001 г., 1.8 л., механика"
Lexus IS,$ 22 000,,"2017 г., 2 л., автомат"
BMW 5 серии,$ 26 000,,"2017 г., 2 л., автомат"
Honda Accord,$ 15 900,,"2016 г., 2.4 л., вариатор"
Toyota Camry,$ 22 000,,"2018 г., 2.5 л., вариатор"
Toyota Camry,$ 15 000,,"2014 г., 2.5 л., вариатор"
BMW X7,$ 90 000,,"2019 г., 4.4 л., автомат"
Lexus RX,$ 42 000,,"2021 г., 3.5 л., автомат"
Lexus ES,$ 44 000,,"2022 г., 3.5 л., автомат"
Mercedes-Benz S-Класс,$ 39 000,,"2013 г., 4.7 л., автомат"
Land Rover Range Rover,$ 56 000,,"2018 г., 3 л., автомат"
Toyota Corolla,$ 15 600,,"2019 г., 1.8 л., вариатор"
BMW X5,$ 77 000,,"2022 г., 3 л., автомат"
Mercedes-Benz E-Класс,$ 10 800,,"2002 г., 5 л., автомат"
Hyundai Sonata,$ 18 500,,"2019 г., 2 л., автомат"
Toyota Camry,$ 31 500,,"2022 г., 2.5 л., вариатор"
BMW 5 серии,$ 34 000,,"2017 г., 3 л., автомат"
BMW X5,$ 86 000,,"2022 г., 4.4 л., автомат"
BMW XM,$ 217 000,,"2023 г., 4.4 л., автомат"
Lexus LX,$ 40 500,,"2011 г., 5.7 л., автомат"
Lexus RX,$ 44 500,,"2017 г., 3.5 л., вариатор"
BMW 5 серии,$ 26 900,,"2017 г., 3 л., автомат"
Mercedes-Benz Metris,$ 24 300,,"2018 г., 2 л., автомат"
Mercedes-Benz S-Класс,$ 33 500,,"2013 г., 4.7 л., автомат"
BMW 5 серии,$ 27 000,,"2020 г., 2 л., автомат"
Genesis G70,$ 23 500,,"2020 г., 2 л., автомат"
Toyota Avalon,$ 28 500,,"2018 г., 2.5 л., вариатор"
Subaru Forester,$ 8 800,,"2005 г., 2 л., автомат"
Volvo XC90,$ 45 000,,"2017 г., 2 л., автомат"
Hyundai Grandeur,$ 19 000,,"2020 г., 2.5 л., автомат"
Toyota FJ Cruiser,$ 31 000,,"2008 г., 4 л., автомат"
Cadillac Escalade,$ 65 000,,"2016 г., 6.2 л., автомат"
Kia K7,$ 16 300,,"2019 г., 3 л., автомат"
BMW X3,$ 34 800,,"2018 г., 2 л., автомат"
Toyota RAV4,$ 34 500,,"2020 г., 2.5 л., автомат"
Toyota Avalon,$ 18 800,,"2018 г., 2.5 л., вариатор"
Toyota Prius,$ 12 050,,"2013 г., 1.8 л., автомат"
Toyota Camry,$ 24 350,,"2018 г., 2.5 л., вариатор"
Honda M-NV,$ 15 835,,"2024 г., автомат"
Cadillac Escalade,$ 87 000,,"2019 г., 6.2 л., автомат"
Toyota Highlander,$ 31 500,,"2018 г., 3.5 л., автомат"
Dodge Challenger,$ 69 000,,"2023 г., 6.4 л., автомат"
Land Rover Range Rover Sport,$ 23 000,,"2010 г., 5 л., автомат"
Lexus LX,$ 36 000,,"2008 г., 5.7 л., автомат"
Hyundai Sonata,$ 12 800,,"2017 г., 2 л., автомат"
Hyundai Kona,$ 15 600,,"2019 г., 1.6 л., робот"
Subaru Crosstrek,$ 15 300,,"2019 г., 2 л., вариатор"
Subaru Outback,$ 9 999,,"2009 г., 2.5 л., механика"
Kia Forte,$ 13 000,,"2019 г., 2 л., вариатор"
Lexus RX,$ 21 800,,"2010 г., 3.5 л., вариатор"
Zeekr 001,$ 48 595,,"2024 г., автомат"
Toyota Camry,$ 17 700,,"2015 г., 2.5 л., автомат"
Toyota Camry,$ 8 522,,"2003 г., 2.4 л., автомат"
LiXiang L9,$ 57 500,,"2024 г., 1.5 л., автомат"
Honda Accord,$ 10 500,,"2008 г., 2.4 л., автомат"
Lexus GX,$ 13 950,,"2007 г., 4.7 л., автомат"
Kia K5 II Седан,$ 13 999,,"2019 г., 2 л., автомат"
Lexus ES,$ 29 900,,"2018 г., 2.5 л., вариатор"
Kia Morning,$ 7 400,,"2015 г., 1 л., автомат"
Lexus CT,$ 14 000,,"2011 г., 1.8 л., вариатор"
Ford Focus,$ 3 977,,"2002 г., 1.6 л., механика"
Mazda 3,$ 6 800,,"2004 г., 2.3 л., автомат"
Ford Focus,$ 3 977,,"2002 г., 1.6 л., механика"
Mazda 3,$ 6 800,,"2004 г., 2.3 л., автомат"
Mercedes-Benz S-Класс,$ 5 454,,"1999 г., 5 л., автомат"
Toyota Crown,$ 7 500,,"2005 г., 3 л., автомат"
Lexus LX,$ 59 000,,"2013 г., 5.7 л., автомат"
Daihatsu Sirion,$ 3 199,,"2001 г., 1 л., автомат"
Hyundai Sonata,$ 18 500,,"2020 г., 2.5 л., автомат"
Mitsubishi Delica,$ 2 700,,"1995 г., 2.4 л., автомат"
Toyota Camry,$ 32 900,,"2024 г., 2 л., вариатор"
Nissan March,$ 3 800,,"2002 г., 1 л., вариатор"
Toyota Prius,$ 11 500,,"2011 г., 1.8 л., автомат"
Lexus RX,$ 48 500,,"2017 г., 3.5 л., вариатор"
Hyundai Santa Fe,$ 32 000,,"2020 г., 2.2 л., робот"
Lexus LX,$ 97 000,,"2018 г., 5.7 л., автомат"
Honda Stepwgn,$ 9 500,,"2003 г., 2 л., автомат"
Toyota Harrier,$ 7 900,,"2000 г., 3 л., автомат"
Kia Sorento,$ 23 000,,"2017 г., 2.2 л., автомат"
Changan CS55PLUS,$ 13 900,,"2023 г., 1.5 л., робот"
Lexus GX,$ 29 300,,"2008 г., 4.7 л., автомат"
Toyota Camry,$ 39 999,,"2022 г., 2.5 л., вариатор"
BYD Seal,$ 28 000,,"2023 г., автомат"
Kia Morning,$ 8 600,,"2018 г., 1 л., автомат"
Hyundai Elantra,$ 9 200,,"2012 г., 1.6 л., автомат"
Toyota Crown,$ 11 900,,"2008 г., 3.5 л., автомат"
Kia Morning,$ 8 500,,"2017 г., 1 л., автомат"
Denza D9,$ 46 800,,"2024 г., 1.5 л., автомат"
Toyota Ipsum,$ 9 500,,"2002 г., 2.4 л., автомат"
Qiyuan A05,$ 13 500,,"2024 г., 1.5 л., вариатор"
Daewoo Matiz,$ 2 500,,"2006 г., 0.8 л., механика"
Daewoo Matiz,$ 4 090,,"2006 г., 0.8 л., автомат"
Aito M7,$ 41 000,,"2023 г., 1.5 л., автомат"
Kia Morning,$ 7 726,,"2017 г., 1 л., автомат"
Mercedes-Benz CLS,$ 37 500,,"2024 г., 3 л., автомат"
Toyota RAV4,$ 24 300,,"2024 г., 2.5 л., автомат"
Zeekr 009,$ 64 000,,"2024 г., автомат"
Chevrolet Spark,$ 8 800,,"2017 г., 1 л., вариатор"
Zeekr 001,$ 36 600,,"2024 г., автомат"
Toyota Camry,$ 29 500,,"2024 г., 2 л., вариатор"
Nio ES6,$ 48 000,,"2023 г., автомат"
Honda Fit,$ 7 777,,"2007 г., 1.3 л., вариатор"
Toyota RAV4,$ 30 500,,"2021 г., 2.5 л., автомат"
Subaru Outback,$ 19 000,,"2020 г., 2.5 л., вариатор"
Wuling Starlight,$ 12 400,,"2024 г., 1.5 л., автомат"
Toyota RAV4,$ 10 999,,"2007 г., 2 л., автомат"
Chevrolet Spark,$ 7 840,,"2020 г., 1 л., вариатор"
Changan UNI-K,$ 28 000,,"2023 г., 1.5 л., автомат"
Toyota Allex,$ 5 200,,"2001 г., 1.5 л., автомат"
Xiaomi SU7,$ 34 500,,"2024 г., автомат"
Chevrolet Malibu,$ 13 500,,"2020 г., 1.5 л., вариатор"
Toyota Corolla,$ 14 950,,"2024 г., 1.6 л., вариатор"
Hongqi E-HS9,$ 70 000,,"2024 г., автомат"
Kia Carnival,$ 36 900,,"2020 г., 2.2 л., автомат"
Zeekr X,$ 28 000,,"2024 г., автомат"
Daewoo Matiz,$ 1 420,,"1999 г., 0.8 л., механика"
BAIC BJ60,$ 37 900,,"2024 г., 2 л., автомат"
Ford Bronco,$ 82 870,,"2024 г., 2.3 л., автомат"
BMW 5 серии,$ 35 000,,"2018 г., 2 л., автомат"
BMW 5 серии,$ 5 500,,"2002 г., 2.2 л., автомат"
BMW X5,$ 46 900,,"2017 г., 3 л., автомат"
BYD Yuan Up,$ 15 600,,"2024 г., автомат"
Kia K5 II Седан,$ 14 500,,"2018 г., 2 л., автомат"
Hongqi H5,$ 20 500,,"2024 г., 2 л., автомат"
Huawei Seres SF5,$ 45 000,,"2024 г., автомат"
Honda CR-V,$ 6 500,,"2002 г., 2 л., механика"
Chery Tiggo 8,$ 19 600,,"2024 г., 1.5 л., робот"
Hongqi HS5,$ 23 500,,"2024 г., 2 л., автомат"
Chevrolet Spark,$ 7 300,,"2018 г., 1 л., механика"
BAIC BJ40,$ 30 000,,"2023 г., 2 л., автомат"
IM Motors (Zhiji) L7,$ 41 500,,"2024 г., автомат"
Honda Stream,$ 6 477,,"2002 г., 2 л., автомат"
EXEED TXL,$ 27 650,,"2024 г., 2 л., автомат"
SsangYong Rexton,$ 9 000,,"2005 г., 2.7 л., автомат"
Ford Explorer,$ 53 500,,"2024 г., 2.3 л., автомат"
BYD Yangwang U8,$ 171 000,,"2023 г., 2 л., автомат"
Mercedes-Benz E-Класс AMG,$ 18 700,,"2000 г., 5.4 л., автомат"
Chery Arrizo 8,$ 16 800,,"2023 г., 1.6 л., робот"
Hyundai Sonata,$ 8 500,,"2016 г., 2 л., автомат"
Toyota Prius,$ 8 400,,"2006 г., 1.5 л., автомат"
Xpeng G9,$ 40 000,,"2023 г., автомат"
Toyota Camry,$ 14 800,,"2016 г., 2.5 л., автомат"
Nissan Primera,$ 1 363,,"1999 г., 2 л., автомат"
Hyundai Avante,$ 13 499,,"2019 г., 1.6 л., вариатор"
Geely Preface,$ 20 000,,"2023 г., 2 л., робот"
Toyota Camry,$ 16 499,,"2016 г., 2 л., автомат"
Hyundai Sonata,$ 15 499,,"2019 г., 2 л., автомат"
BYD Han,$ 39 000,,"2024 г., автомат"
Hyundai Sonata,$ 12 900,,"2017 г., 2.4 л., автомат"
Tank 400,$ 40 000,,"2023 г., 2 л., автомат"
Kia Morning,$ 8 200,,"2018 г., 1 л., автомат"
BYD Qin,$ 13 000,,"2024 г., 1.5 л., робот"
Voyah Passion,$ 35 500,,"2023 г., автомат"
Geely Monjaro,$ 25 900,,"2024 г., 2 л., автомат"
BYD Song L,$ 35 000,,"2024 г., автомат"
Geely Geometry E,$ 9 600,,"2024 г., автомат"
Tank 300,$ 35 000,,"2024 г., 2 л., автомат"
Lexus LX,$ 53 000,,"2013 г., 5.7 л., автомат"
Hyundai Kona,$ 20 700,,"2021 г., 1.6 л., робот"
Toyota 4Runner,$ 65 000,,"2017 г., 4 л., автомат"
Jetour Dashing,$ 15 200,,"2024 г., 1.5 л., робот"
Geely Preface,$ 23 000,,"2023 г., 2 л., робот"
Mercedes-Benz CL-Класс,$ 23 000,,"2007 г., 5.5 л., автомат"
Jetour Traveller,$ 23 000,,"2023 г., 2 л., автомат"
Honda Fit,$ 5 227,,"2002 г., 1.3 л., вариатор"
Honda Fit,$ 6 817,,"2004 г., 1.3 л., вариатор"
Hyundai Palisade,$ 41 800,,"2020 г., 3.8 л., автомат"
Hyundai Santa Fe,$ 27 500,,"2018 г., 2.2 л., автомат"
Lynk & Co 3,$ 17 100,,"2024 г., 2 л., автомат"
Toyota 4Runner,$ 19 900,,"2005 г., 4 л., автомат"
Lynk & Co 8,$ 34 500,,"2024 г., 1.5 л., автомат"
Toyota Ractis,$ 6 900,,"2006 г., 1.5 л., вариатор"
Kia Optima,$ 13 300,,"2017 г., 2.4 л., автомат"
Mercedes-Benz EQE,$ 40 500,,"2024 г., автомат"
Aito M9,$ 75 000,,"2024 г., 1.5 л., автомат"
GAC Trumpchi Empow,$ 22 200,,"2024 г., 2 л., автомат"
Jaguar E-Pace,$ 39 900,,"2024 г., 2 л., автомат"
GAC Trumpchi M8,$ 41 500,,"2024 г., 2 л., автомат"
Honda Fit,$ 6 300,,"2003 г., 1.3 л., вариатор"
Lexus RX,$ 49 800,,"2020 г., 3.5 л., вариатор"
Hyundai Grandeur,$ 17 200,,"2018 г., 2.4 л., автомат"
GAC Aion Y,$ 13 900,,"2024 г., автомат"
Toyota Land Cruiser,$ 32 000,,"2009 г., 4.7 л., автомат"
Xpeng P7i,$ 36 700,,"2024 г., автомат"
Subaru Outback,$ 37 000,,"2023 г., 2.5 л., вариатор"
Toyota Camry,$ 19 999,,"2019 г., 2.5 л., автомат"
Xpeng G6,$ 28 400,,"2024 г., автомат"
Subaru Outback,$ 19 499,,"2018 г., 2.5 л., вариатор"
Toyota Ipsum,$ 9 700,,"2004 г., 2.4 л., автомат"
Ford Mondeo,$ 22 800,,"2024 г., 2 л., автомат"
Mercedes-Benz C-Класс,$ 4 261,,"1999 г., 1.8 л., автомат"
Kia Morning,$ 7 999,,"2018 г., 1 л., автомат"
Tesla Model Y,$ 40 000,,"2024 г., автомат"
Toyota Camry,$ 5 227,,"1998 г., 2.2 л., автомат"
Tank 500,$ 48 000,,"2023 г., 2 л., автомат"
Toyota Highlander,$ 33 800,,"2017 г., 3.5 л., автомат"
Xpeng X9,$ 51 800,,"2024 г., автомат"
BMW X5,$ 44 500,,"2018 г., 3 л., автомат"
BMW X5 M,$ 25 000,,"2011 г., 4.4 л., автомат"
Subaru Forester,$ 20 500,,"2019 г., 2.5 л., вариатор"
Cadillac XT5,$ 42 835,,"2024 г., 2 л., автомат"
Lexus LX,$ 60 000,,"2013 г., 5.7 л., автомат"
Jetour X70,$ 21 800,,"2024 г., 1.5 л., автомат"
Toyota RAV4,$ 22 300,,"2018 г., 2.5 л., автомат"
Changan CS95PLUS,$ 25 100,,"2024 г., 2 л., автомат"
ВАЗ (Lada) 2107,$ 2 841,,"2008 г., 1.6 л., механика"
Toyota Avensis,$ 4 545,,"1999 г., 1.6 л., механика"
Toyota Highlander,$ 33 500,,"2017 г., 3.5 л., автомат"
Changan Yida,$ 11 200,,"2024 г., 1.5 л., робот"
Changan Lumin,$ 6 900,,"2024 г., автомат"
Toyota RAV4,$ 22 300,,"2017 г., 2.5 л., автомат"
Volvo XC60,$ 46 980,,"2024 г., 2 л., автомат"
Honda Fit,$ 6 600,,"2003 г., 1.3 л., вариатор"
Toyota Prius,$ 17 700,,"2017 г., 1.8 л., вариатор"
Hyundai Accent,$ 10 300,,"2015 г., 1.6 л., автомат"
Land Rover Range Rover Sport,$ 48 000,,"2017 г., 3 л., автомат"
Buick Enclave,$ 27 500,,"2024 г., 3.6 л., автомат"
Lexus RX,$ 7 954,,"1999 г., 3 л., автомат"
Lexus RX,$ 16 900,,"2005 г., 3.3 л., автомат"
Toyota Prius,$ 17 700,,"2017 г., 1.8 л., вариатор"
Lexus RX,$ 15 900,,"2003 г., 3.3 л., автомат"
Lexus RX,$ 16 500,,"2004 г., 3.3 л., автомат"
Daewoo Matiz,$ 1 704,,"2011 г., 0.8 л., механика"
Subaru Forester,$ 18 700,,"2017 г., 2.5 л., вариатор"
Mercedes-Benz E-Класс,$ 6 477,,"2002 г., 3.2 л., автомат"
GAC Trumpchi E9,$ 49 500,,"2024 г., 2 л., автомат"
Hyundai Santa Fe,$ 29 000,,"2018 г., 2.2 л., автомат"
Volkswagen Passat,$ 14 000,,"2017 г., 1.8 л., робот"
Toyota Camry,$ 22 500,,"2018 г., 2.5 л., автомат"
Voyah Dream,$ 52 535,,"2024 г., 1.5 л., автомат"
Honda CR-V,$ 10 600,,"2006 г., 2 л., автомат"
Toyota Prius,$ 17 700,,"2017 г., 1.8 л., вариатор"
Toyota Land Cruiser,$ 37 900,,"2008 г., 4.7 л., автомат"
EXEED VX,$ 33 500,,"2024 г., 2 л., автомат"
Toyota Highlander,$ 10 500,,"2002 г., 3 л., автомат"
EXEED LX,$ 19 500,,"2024 г., 1.6 л., робот"
Wuling Mini EV,$ 5 700,,"2024 г., автомат"
Wuling Xingchi,$ 10 300,,"2024 г., 1.5 л., вариатор"
Hyundai Solaris,$ 6 691,,"2011 г., 1.6 л., автомат"
Wuling Mini EV,$ 9 100,,"2024 г., автомат"
Lexus GS,$ 11 500,,"2006 г., 3 л., автомат"
Lexus IS,$ 11 500,,"2006 г., 2.5 л., автомат"
Geely Galaxy L7,$ 17 370,,"2024 г., 1.5 л., автомат"
BMW X5,$ 33 990,,"2018 г., 3 л., автомат"
Honda Fit,$ 6 477,,"2004 г., 1.5 л., автомат"
Geely Binyue Cool,$ 13 100,,"2024 г., 1.5 л., робот"
Honda Fit,$ 9 431,,"2009 г., 1.5 л., автомат"
Chevrolet Spark,$ 7 726,,"2017 г., 1 л., вариатор"
Geely Binyue,$ 9 900,,"2024 г., 1.5 л., робот"
Hyundai Grandeur,$ 15 000,,"2018 г., 3 л., автомат"
Hyundai Palisade,$ 28 000,,"2019 г., 2.2 л., автомат"
Daewoo Lanos (Sens),$ 1 534,,"1998 г., 1.5 л., механика"
Nissan Rogue,$ 15 300,,"2018 г., 2.5 л., вариатор"
Chevrolet Monza,$ 12 400,,"2024 г., 1.5 л., автомат"
Lexus GX,$ 17 700,,"2003 г., 4.7 л., автомат"
Toyota Camry,$ 12 500,,"2011 г., 2.5 л., автомат"
Hyundai Sonata,$ 16 000,,"2019 г., 2 л., автомат"
Hyundai Elantra,$ 14 000,,"2024 г., 1.4 л., робот"
Lexus RX,$ 38 000,,"2016 г., 3.5 л., вариатор"
BYD Tang,$ 29 000,,"2023 г., 1.5 л., автомат"
Toyota Camry,$ 7 158,,"2005 г., 2.4 л., механика"
Honda Odyssey,$ 6 200,,"2002 г., 2.3 л., автомат"
Daewoo Matiz,$ 23,,"2007 г., 0.8 л., механика"
Mercedes-Benz E-Класс,$ 3 068,,"1992 г., 3.2 л., механика"
Toyota Camry,$ 15 800,,"2015 г., 2.5 л., автомат"
Volkswagen Golf,$ 6 477,,"2002 г., 2 л., автомат"
Chevrolet Spark,$ 3 295,,"2005 г., 0.8 л., механика"
Toyota Camry,$ 8 976,,"2003 г., 2.4 л., автомат"
Honda Fit,$ 4 943,,"2001 г., 1.3 л., вариатор"
Subaru Outback,$ 15 500,,"2018 г., 2.5 л., вариатор"
Daewoo Matiz,$ 1 818,,"1999 г., 0.8 л., механика"
Toyota Camry,$ 11 700,,"2008 г., 2.4 л., вариатор"
Subaru Forester,$ 14 500,,"2017 г., 2.5 л., вариатор"
ВАЗ (Lada) 2109,$ 3 500,,"2006 г., 1.5 л., механика"
Toyota Aristo,$ 5 800,,"2000 г., 3 л., автомат"
Mitsubishi Space Star,$ 2 841,,"2002 г., 1.8 л., механика"
Lexus GX,$ 26 700,,"2008 г., 4.7 л., автомат"
BMW 5 серии,$ 32 800,,"2018 г., 3 л., автомат"
Toyota Alphard,$ 56 000,,"2017 г., 3.5 л., автомат"
Hyundai Sonata,$ 13 800,,"2018 г., 2 л., автомат"
Toyota Camry,$ 17 400,,"2019 г., 2.5 л., автомат"
Honda Jazz,$ 8 000,,"2005 г., 1.3 л., механика"
Toyota RAV4,$ 23 500,,"2018 г., 2.5 л., автомат"
Hyundai Sonata,$ 14 300,,"2017 г., 2 л., автомат"
Mercedes-Benz E-Класс AMG,$ 19 000,,"2000 г., 5.4 л., автомат"
Toyota Land Cruiser,$ 37 800,,"2013 г., 4.6 л., автомат"
Toyota Highlander,$ 47 000,,"2020 г., 2.5 л., автомат"
Mercedes-Benz S-Класс,$ 11 800,,"2008 г., 5.5 л., автомат"
Toyota Prius,$ 9 600,,"2011 г., 1.8 л., автомат"
Lexus RX,$ 19 000,,"2010 г., 3.5 л., вариатор"
Toyota Camry,$ 31 800,,"2021 г., 2.5 л., автомат"
Kia K5 II Седан,$ 15 000,,"2017 г., 2 л., автомат"
Daewoo Nexia,$ 1 534,,"2005 г., 1.5 л., механика"
Toyota Highlander,$ 38 000,,"2020 г., 3.5 л., автомат"
Toyota Avalon,$ 31 000,,"2019 г., 2.5 л., вариатор"
Volkswagen Jetta,$ 18 000,,"2020 г., 1.4 л., автомат"
Hyundai Sonata,$ 10 800,,"2017 г., 2 л., автомат"
Mercedes-Benz S-Класс,$ 10 500,,"1998 г., 3.2 л., автомат"
Honda Accord,$ 22 700,,"2018 г., 1.5 л., вариатор"
BMW 5 серии,$ 37 500,,"2017 г., 3 л., автомат"
Honda Accord,$ 26 400,,"2021 г., 1.5 л., вариатор"
Lexus ES,$ 16 800,,"2010 г., 3.5 л., автомат"
Lexus RX,$ 38 500,,"2018 г., 3.5 л., автомат"
Toyota Aygo,$ 5 227,,"2008 г., 1 л., механика"
Honda Fit,$ 4 999,,"2001 г., 1.3 л., вариатор"
Lexus NX,$ 21 900,,"2017 г., 2 л., автомат"
Daewoo Matiz,$ 1 420,,"2004 г., 0.8 л., механика"
Kia K5 III Седан,$ 18 800,,"2020 г., 2 л., автомат"
Daewoo Matiz,$ 1 363,,"1998 г., 0.8 л., механика"
Toyota Land Cruiser,$ 10 000,,"1997 г., 4.5 л., механика"
Mercedes-Benz E-Класс,$ 11 800,,"2000 г., 3.2 л., автомат"
BMW X5,$ 26 500,,"2016 г., 3 л., автомат"
Subaru Forester,$ 18 000,,"2019 г., 2.5 л., вариатор"
Subaru Legacy,$ 13 900,,"2018 г., 2.5 л., вариатор"
Daewoo Matiz,$ 2 800,,"2007 г., 0.8 л., механика"
Subaru Forester,$ 14 800,,"2017 г., 2.5 л., вариатор"
Subaru Outback,$ 8 000,,"2005 г., 2.5 л., автомат"
Toyota Estima,$ 10 550,,"2005 г., 2.4 л., автомат"
BMW 5 серии,$ 12 500,,"2011 г., 2 л., автомат"
Toyota Camry (Japan),$ 9 800,,"2004 г., 2.4 л., автомат"
Toyota Camry,$ 20 200,,"2017 г., 2.5 л., автомат"
Toyota Camry,$ 24 000,,"2018 г., 2.5 л., вариатор"
